{
    "name": "popout",
    "title": "PopOut!",
    "description": "Pop out Journal entries into their own windows for easier viewing.",
    "version": "0.1",
    "author": "KaKaRoTo",
    "scripts": ["./popout.js"],
    "styles": [],
    "packs": [],
    "url": "https://github.com/kakaroto/fvtt-module-popout",
    "manifest": "https://raw.githubusercontent.com/kakaroto/fvtt-module-popout/master/popout/module.json",
    "download": "https://github.com/kakaroto/fvtt-module-permission-popout/raw/master/popout.zip"
}
